{
  "LinearAdditiveUtilitySpace": {
    "issueUtilities": {
      "CD player": {
        "DiscreteValueSetUtilities": {
          "valueUtilities": {
            "good": 0.0,
            "fairly good": 1.0,
            "standard": 0.10693,
            "meager": 0.11516,
            "none": 0.11751
          }
        }
      },
      "Extra speakers": {
        "DiscreteValueSetUtilities": {
          "valueUtilities": {
            "good": 0.0,
            "fairly good": 0.09132,
            "standard": 0.10959,
            "meager": 0.10616,
            "none": 1.0
          }
        }
      },
      "Airconditioning": {
        "DiscreteValueSetUtilities": {
          "valueUtilities": {
            "good": 0.0,
            "fairly good": 0.2,
            "standard": 0.91,
            "meager": 0.99,
            "none": 1.0
          }
        }
      },
      "Tow hedge": {
        "DiscreteValueSetUtilities": {
          "valueUtilities": {
            "good": 0.0,
            "fairly good": 0.5298,
            "standard": 1.0,
            "meager": 0.64901,
            "none": 0.66225
          }
        }
      },
      "Tow hedge2": {
        "DiscreteValueSetUtilities": {
          "valueUtilities": {
            "good": 0.0,
            "fairly good": 1.0,
            "standard": 0.15332,
            "meager": 0.16184,
            "none": 0.17036
          }
        }
      },
      "Tow hedge3": {
        "DiscreteValueSetUtilities": {
          "valueUtilities": {
            "good": 0.0,
            "fairly good": 1.0,
            "standard": 0.30405,
            "meager": 0.32095,
            "none": 0.33784
          }
        }
      }
    },
    "issueWeights": {
      "CD player": 0.11299,
      "Extra speakers": 0.24486,
      "Airconditioning": 0.12804,
      "Tow hedge": 0.23321,
      "Tow hedge2": 0.04196,
      "Tow hedge3": 0.23894
    },
    "domain": {
      "name": "adg_hOhD",
      "issuesValues": {
        "CD player": {
          "values": [
            "good",
            "fairly good",
            "standard",
            "meager",
            "none"
          ]
        },
        "Extra speakers": {
          "values": [
            "good",
            "fairly good",
            "standard",
            "meager",
            "none"
          ]
        },
        "Airconditioning": {
          "values": [
            "good",
            "fairly good",
            "standard",
            "meager",
            "none"
          ]
        },
        "Tow hedge": {
          "values": [
            "good",
            "fairly good",
            "standard",
            "meager",
            "none"
          ]
        },
        "Tow hedge2": {
          "values": [
            "good",
            "fairly good",
            "standard",
            "meager",
            "none"
          ]
        },
        "Tow hedge3": {
          "values": [
            "good",
            "fairly good",
            "standard",
            "meager",
            "none"
          ]
        }
      }
    },
    "name": "profileB"
  }
}